Configuration,Language,File Path,Successfully Extracted,Failure Reason
.github/workflows/workflow-cicd.yaml:affichage,Java,src/main/java/fr/diginamic/appliweb/entites/Departement.java,true,""
.github/workflows/workflow-cicd.yaml:affichage,Java,src/main/java/fr/diginamic/appliweb/mappers/VilleMapper.java,true,""
.github/workflows/workflow-cicd.yaml:affichage,Java,src/main/java/fr/diginamic/appliweb/exceptions/ExceptionManager.java,true,""
.github/workflows/workflow-cicd.yaml:affichage,Java,src/main/java/fr/diginamic/appliweb/controleurs/VilleController.java,true,""
.github/workflows/workflow-cicd.yaml:affichage,Java,src/main/java/fr/diginamic/appliweb/AppliwebApplication.java,true,""
.github/workflows/workflow-cicd.yaml:affichage,Java,src/main/java/fr/diginamic/appliweb/mappers/DepartementMapper.java,true,""
.github/workflows/workflow-cicd.yaml:affichage,Java,src/main/java/fr/diginamic/appliweb/mappers/VilleSimpleMapper.java,true,""
.github/workflows/workflow-cicd.yaml:affichage,Java,src/main/java/fr/diginamic/appliweb/services/DepartementService.java,true,""
.github/workflows/workflow-cicd.yaml:affichage,Java,src/main/java/fr/diginamic/appliweb/services/DepartementServiceDefaut.java,true,""
.github/workflows/workflow-cicd.yaml:affichage,Java,src/main/java/fr/diginamic/appliweb/controleurs/DepartementController.java,true,""
.github/workflows/workflow-cicd.yaml:affichage,Java,src/main/java/fr/diginamic/appliweb/dao/VilleDao.java,true,""
.github/workflows/workflow-cicd.yaml:affichage,Java,src/main/java/fr/diginamic/appliweb/dao/VilleRepository.java,true,""
.github/workflows/workflow-cicd.yaml:affichage,Java,src/main/java/fr/diginamic/appliweb/utils/StringUtils.java,true,""
.github/workflows/workflow-cicd.yaml:affichage,Java,src/main/java/fr/diginamic/appliweb/mappers/dtos/DepartementDto.java,true,""
.github/workflows/workflow-cicd.yaml:affichage,Java,src/main/java/fr/diginamic/appliweb/services/VilleService.java,true,""
.github/workflows/workflow-cicd.yaml:affichage,Java,src/main/java/fr/diginamic/appliweb/exceptions/ExceptionFonctionnelle.java,true,""
.github/workflows/workflow-cicd.yaml:affichage,Java,src/main/java/fr/diginamic/appliweb/exceptions/ExceptionTechnique.java,true,""
.github/workflows/workflow-cicd.yaml:affichage,Java,src/main/java/fr/diginamic/appliweb/dao/DepartementDao.java,true,""
.github/workflows/workflow-cicd.yaml:affichage,Java,src/main/java/fr/diginamic/appliweb/dao/DepartementRepository.java,true,""
.github/workflows/workflow-cicd.yaml:affichage,Java,src/main/java/fr/diginamic/appliweb/utils/pdf/CellFactory.java,true,""
.github/workflows/workflow-cicd.yaml:affichage,Java,src/test/java/fr/diginamic/appliweb/services/VilleServiceTest.java,true,""
.github/workflows/workflow-cicd.yaml:affichage,Java,src/main/java/fr/diginamic/appliweb/entites/Ville.java,true,""
.github/workflows/workflow-cicd.yaml:affichage,Java,src/main/java/fr/diginamic/appliweb/mappers/DepartementSimpleMapper.java,true,""
.github/workflows/workflow-cicd.yaml:affichage,Java,src/main/java/fr/diginamic/appliweb/mappers/dtos/VilleDto.java,true,""
.github/workflows/workflow-cicd.yaml:affichage,Java,src/main/java/fr/diginamic/appliweb/services/VilleServiceDefaut.java,true,""
.github/workflows/workflow-cicd.yaml:affichage,Java,src/main/java/fr/diginamic/appliweb/utils/pdf/PdfUtils.java,true,""
.github/workflows/workflow-cicd.yaml:affichage,Java,src/test/java/fr/diginamic/appliweb/AppliwebApplicationTests.java,true,""
.github/workflows/workflow-cicd.yaml:affichage,Java,src/test/java/fr/diginamic/appliweb/services/VilleControleurTest.java,true,""
